"concept_id","owner_kind","owner_path","owner_key","current_rendered_value","parameter_identity","source_object","source_object_sha256"
"detICER","latex_macro","output/model-results.tex","detICER","35,995","Deterministic ICER (NOK/QALY)","output/tables/deterministic_results.csv","b173ed25334f133795afd987f68fb8faed640ad670ef3717e62d80bc92f0875c"
"detIncrCost","latex_macro","output/model-results.tex","detIncrCost","32,764","Deterministic incremental cost (NOK)","output/tables/deterministic_results.csv","b173ed25334f133795afd987f68fb8faed640ad670ef3717e62d80bc92f0875c"
"detIncrQALY","latex_macro","output/model-results.tex","detIncrQALY","0.910","Deterministic incremental QALYs","output/tables/deterministic_results.csv","b173ed25334f133795afd987f68fb8faed640ad670ef3717e62d80bc92f0875c"
"detIncrLY","latex_macro","output/model-results.tex","detIncrLY","1.15","Deterministic incremental life-years (discounted)","output/tables/deterministic_results.csv","b173ed25334f133795afd987f68fb8faed640ad670ef3717e62d80bc92f0875c"
"detIncrLYundisc","latex_macro","output/model-results.tex","detIncrLYundisc","2.23","Deterministic incremental life-years (undiscounted)","output/tables/deterministic_results.csv","b173ed25334f133795afd987f68fb8faed640ad670ef3717e62d80bc92f0875c"
"detCostPerLY","latex_macro","output/model-results.tex","detCostPerLY","28,576","Deterministic cost per life-year gained (NOK/LY)","output/tables/deterministic_results.csv","b173ed25334f133795afd987f68fb8faed640ad670ef3717e62d80bc92f0875c"
"detQALYexercise","latex_macro","output/model-results.tex","detQALYexercise","11.160","Exercise arm total discounted QALYs","output/tables/deterministic_results.csv","b173ed25334f133795afd987f68fb8faed640ad670ef3717e62d80bc92f0875c"
"detQALYcontrol","latex_macro","output/model-results.tex","detQALYcontrol","10.250","Control arm total discounted QALYs","output/tables/deterministic_results.csv","b173ed25334f133795afd987f68fb8faed640ad670ef3717e62d80bc92f0875c"
"detCostExercise","latex_macro","output/model-results.tex","detCostExercise","526,535","Exercise arm total cost (NOK)","output/tables/deterministic_results.csv","b173ed25334f133795afd987f68fb8faed640ad670ef3717e62d80bc92f0875c"
"detCostControl","latex_macro","output/model-results.tex","detCostControl","493,771","Control arm total cost (NOK)","output/tables/deterministic_results.csv","b173ed25334f133795afd987f68fb8faed640ad670ef3717e62d80bc92f0875c"
"detQALYctrlUndisc","latex_macro","output/model-results.tex","detQALYctrlUndisc","15.89","Control arm undiscounted QALYs","output/tables/deterministic_results.csv","b173ed25334f133795afd987f68fb8faed640ad670ef3717e62d80bc92f0875c"
"detIncrQALYundisc","latex_macro","output/model-results.tex","detIncrQALYundisc","1.735","Deterministic incremental QALYs (undiscounted)","output/tables/deterministic_results.csv","b173ed25334f133795afd987f68fb8faed640ad670ef3717e62d80bc92f0875c"
"detIncrCostUndisc","latex_macro","output/model-results.tex","detIncrCostUndisc","71,320","Deterministic incremental cost (NOK, undiscounted)","output/tables/deterministic_results.csv","b173ed25334f133795afd987f68fb8faed640ad670ef3717e62d80bc92f0875c"
"detICERstd","latex_macro","output/model-results.tex","detICERstd","20,636","Deterministic ICER healthcare-services-only perspective (NOK/QALY)","data/processed/perspective_delta.rds","cd9000208267d339be7e831241b09ee57f67fd81893003a0ab07ffd5ed068838"
"detPerspectiveDelta","latex_macro","output/model-results.tex","detPerspectiveDelta","15,359","Perspective ICER difference (NOK/QALY)","data/processed/perspective_delta.rds","cd9000208267d339be7e831241b09ee57f67fd81893003a0ab07ffd5ed068838"
"detPerspectiveDeltaPct","latex_macro","output/model-results.tex","detPerspectiveDeltaPct","74","Perspective ICER difference (percentage)","data/processed/perspective_delta.rds","cd9000208267d339be7e831241b09ee57f67fd81893003a0ab07ffd5ed068838"
"psaICER","latex_macro","output/model-results.tex","psaICER","33,089","PA mean ICER (NOK/QALY, ratio of means)","data/processed/psa_results.rds","ddce9e4d107b7cb82ad7b9c4ce796449c7666289a9f9e90231b444132a3a0e45"
"psaIncrCost","latex_macro","output/model-results.tex","psaIncrCost","29,224","PA mean incremental cost (NOK)","data/processed/psa_results.rds","ddce9e4d107b7cb82ad7b9c4ce796449c7666289a9f9e90231b444132a3a0e45"
"psaIncrQALY","latex_macro","output/model-results.tex","psaIncrQALY","0.883","PA mean incremental QALYs","data/processed/psa_results.rds","ddce9e4d107b7cb82ad7b9c4ce796449c7666289a9f9e90231b444132a3a0e45"
"psaProbCE","latex_macro","output/model-results.tex","psaProbCE","99.3","P(CE) at applicable cost-effectiveness threshold (%)","data/processed/psa_results.rds","ddce9e4d107b7cb82ad7b9c4ce796449c7666289a9f9e90231b444132a3a0e45"
"psaNEpct","latex_macro","output/model-results.tex","psaNEpct","59.7","CE plane north-east quadrant (%)","data/processed/psa_results.rds","ddce9e4d107b7cb82ad7b9c4ce796449c7666289a9f9e90231b444132a3a0e45"
"psaSEpct","latex_macro","output/model-results.tex","psaSEpct","39.7","CE plane south-east quadrant (%)","data/processed/psa_results.rds","ddce9e4d107b7cb82ad7b9c4ce796449c7666289a9f9e90231b444132a3a0e45"
"psaNWpct","latex_macro","output/model-results.tex","psaNWpct","0.0","CE plane north-west quadrant (%)","data/processed/psa_results.rds","ddce9e4d107b7cb82ad7b9c4ce796449c7666289a9f9e90231b444132a3a0e45"
"psaSWpct","latex_macro","output/model-results.tex","psaSWpct","0.6","CE plane south-west quadrant (%)","data/processed/psa_results.rds","ddce9e4d107b7cb82ad7b9c4ce796449c7666289a9f9e90231b444132a3a0e45"
"psaDecisionUncertainty","latex_macro","output/model-results.tex","psaDecisionUncertainty","0.7","Decision uncertainty (100% minus P(CE))","data/processed/psa_results.rds","ddce9e4d107b7cb82ad7b9c4ce796449c7666289a9f9e90231b444132a3a0e45"
"psaCrossoverWTP","latex_macro","output/model-results.tex","psaCrossoverWTP","30,000","50% crossover threshold (NOK)","data/processed/psa_results.rds","ddce9e4d107b7cb82ad7b9c4ce796449c7666289a9f9e90231b444132a3a0e45"
"psaProbCEcatOne","latex_macro","output/model-results.tex","psaProbCEcatOne","97.6","P(CE) at severity category 1 (275K) (%)","data/processed/psa_results.rds","ddce9e4d107b7cb82ad7b9c4ce796449c7666289a9f9e90231b444132a3a0e45"
"psaProbCEcatTwo","latex_macro","output/model-results.tex","psaProbCEcatTwo","99.3","P(CE) at severity category 2 (385K) (%)","data/processed/psa_results.rds","ddce9e4d107b7cb82ad7b9c4ce796449c7666289a9f9e90231b444132a3a0e45"
"psaProbCEcatFour","latex_macro","output/model-results.tex","psaProbCEcatFour","99.7","P(CE) at severity category 4 (605K) (%)","data/processed/psa_results.rds","ddce9e4d107b7cb82ad7b9c4ce796449c7666289a9f9e90231b444132a3a0e45"
"psaProbCEcatFive","latex_macro","output/model-results.tex","psaProbCEcatFive","99.8","P(CE) at severity category 5 (715K) (%)","data/processed/psa_results.rds","ddce9e4d107b7cb82ad7b9c4ce796449c7666289a9f9e90231b444132a3a0e45"
"psaProbCEcatSix","latex_macro","output/model-results.tex","psaProbCEcatSix","99.7","P(CE) at severity category 6 (825K) (%)","data/processed/psa_results.rds","ddce9e4d107b7cb82ad7b9c4ce796449c7666289a9f9e90231b444132a3a0e45"
"evpiPerPatient","latex_macro","output/model-results.tex","evpiPerPatient","372","Per-patient EVPI at applicable threshold (NOK)","data/processed/evppi_results.rds","068cfb4eddf49c073e368ebf05508850872958174f3d614e284a0e52204a3bd1"
"evpiOpportunityCost","latex_macro","output/model-results.tex","evpiOpportunityCost","1,385","Per-patient EVPI at the quantified opportunity-cost threshold (NOK)","data/processed/psa_results.rds","ddce9e4d107b7cb82ad7b9c4ce796449c7666289a9f9e90231b444132a3a0e45"
"evpiPopFiveYr","latex_macro","output/model-results.tex","evpiPopFiveYr","1.4","Population EVPI 5-year horizon (million NOK)","data/processed/pop_evpi_horizon.rds","3af6cd802456116039a5644e650761f59094a535beded71c2200861d93740869"
"evpiPopTenYr","latex_macro","output/model-results.tex","evpiPopTenYr","2.5","Population EVPI 10-year horizon (million NOK)","data/processed/pop_evpi_horizon.rds","3af6cd802456116039a5644e650761f59094a535beded71c2200861d93740869"
"evpiPopTwentyYr","latex_macro","output/model-results.tex","evpiPopTwentyYr","4.3","Population EVPI 20-year horizon (million NOK)","data/processed/pop_evpi_horizon.rds","3af6cd802456116039a5644e650761f59094a535beded71c2200861d93740869"
"evppiHRos","latex_macro","output/model-results.tex","evppiHRos","2","Individual EVPPI HR OS (NOK)","data/processed/evppi_results.rds","068cfb4eddf49c073e368ebf05508850872958174f3d614e284a0e52204a3bd1"
"evppiHRdfs","latex_macro","output/model-results.tex","evppiHRdfs","164","Individual EVPPI HR DFS (NOK)","data/processed/evppi_results.rds","068cfb4eddf49c073e368ebf05508850872958174f3d614e284a0e52204a3bd1"
"evppiJointHR","latex_macro","output/model-results.tex","evppiJointHR","227","Joint EVPPI HR OS + HR DFS (NOK)","data/processed/evppi_results.rds","068cfb4eddf49c073e368ebf05508850872958174f3d614e284a0e52204a3bd1"
"evppiJointHRpct","latex_macro","output/model-results.tex","evppiJointHRpct","61.0","Joint EVPPI as percentage of EVPI (%)","data/processed/evppi_results.rds","068cfb4eddf49c073e368ebf05508850872958174f3d614e284a0e52204a3bd1"
"evppiNaiveSum","latex_macro","output/model-results.tex","evppiNaiveSum","166","Naive sum of individual EVPPIs HR OS + HR DFS (NOK)","data/processed/evppi_results.rds","068cfb4eddf49c073e368ebf05508850872958174f3d614e284a0e52204a3bd1"
"rhoSensitivityIcerMin","latex_macro","output/model-results.tex","rhoSensitivityIcerMin","30,311","Positive-rho sensitivity ICER minimum","data/processed/psa_specification_sensitivity.rds","0cef0ab1e2c7b33a39b849e0f8ac35ec8d62f3fa6b21c2b96c47ddfa6810821b"
"rhoSensitivityIcerMax","latex_macro","output/model-results.tex","rhoSensitivityIcerMax","31,837","Positive-rho sensitivity ICER maximum","data/processed/psa_specification_sensitivity.rds","0cef0ab1e2c7b33a39b849e0f8ac35ec8d62f3fa6b21c2b96c47ddfa6810821b"
"rhoSensitivityPceMin","latex_macro","output/model-results.tex","rhoSensitivityPceMin","98.2","Positive-rho sensitivity P(CE), percent minimum","data/processed/psa_specification_sensitivity.rds","0cef0ab1e2c7b33a39b849e0f8ac35ec8d62f3fa6b21c2b96c47ddfa6810821b"
"rhoSensitivityPceMax","latex_macro","output/model-results.tex","rhoSensitivityPceMax","98.9","Positive-rho sensitivity P(CE), percent maximum","data/processed/psa_specification_sensitivity.rds","0cef0ab1e2c7b33a39b849e0f8ac35ec8d62f3fa6b21c2b96c47ddfa6810821b"
"rhoSensitivityEvpiMin","latex_macro","output/model-results.tex","rhoSensitivityEvpiMin","564","Positive-rho sensitivity EVPI minimum","data/processed/psa_specification_sensitivity.rds","0cef0ab1e2c7b33a39b849e0f8ac35ec8d62f3fa6b21c2b96c47ddfa6810821b"
"rhoSensitivityEvpiMax","latex_macro","output/model-results.tex","rhoSensitivityEvpiMax","1,161","Positive-rho sensitivity EVPI maximum","data/processed/psa_specification_sensitivity.rds","0cef0ab1e2c7b33a39b849e0f8ac35ec8d62f3fa6b21c2b96c47ddfa6810821b"
"rhoSensitivityJointEvppiMin","latex_macro","output/model-results.tex","rhoSensitivityJointEvppiMin","471","Positive-rho sensitivity joint-HR EVPPI minimum","data/processed/psa_specification_sensitivity.rds","0cef0ab1e2c7b33a39b849e0f8ac35ec8d62f3fa6b21c2b96c47ddfa6810821b"
"rhoSensitivityJointEvppiMax","latex_macro","output/model-results.tex","rhoSensitivityJointEvppiMax","1,148","Positive-rho sensitivity joint-HR EVPPI maximum","data/processed/psa_specification_sensitivity.rds","0cef0ab1e2c7b33a39b849e0f8ac35ec8d62f3fa6b21c2b96c47ddfa6810821b"
"rhoSensitivityCeCorrMin","latex_macro","output/model-results.tex","rhoSensitivityCeCorrMin","0.054","Positive-rho sensitivity incremental cost-QALY correlation minimum","data/processed/psa_specification_sensitivity.rds","0cef0ab1e2c7b33a39b849e0f8ac35ec8d62f3fa6b21c2b96c47ddfa6810821b"
"rhoSensitivityCeCorrMax","latex_macro","output/model-results.tex","rhoSensitivityCeCorrMax","0.415","Positive-rho sensitivity incremental cost-QALY correlation maximum","data/processed/psa_specification_sensitivity.rds","0cef0ab1e2c7b33a39b849e0f8ac35ec8d62f3fa6b21c2b96c47ddfa6810821b"
"rhoSensitivityConvergenceMaxN","latex_macro","output/model-results.tex","rhoSensitivityConvergenceMaxN","100","Maximum primary convergence N across positive-rho rows","data/processed/psa_specification_sensitivity.rds","0cef0ab1e2c7b33a39b849e0f8ac35ec8d62f3fa6b21c2b96c47ddfa6810821b"
"mappingSensitivityIcer","latex_macro","output/model-results.tex","mappingSensitivityIcer","33,088","Mapping-RMSE quadrature sensitivity ICER","data/processed/psa_specification_sensitivity.rds","0cef0ab1e2c7b33a39b849e0f8ac35ec8d62f3fa6b21c2b96c47ddfa6810821b"
"mappingSensitivityPce","latex_macro","output/model-results.tex","mappingSensitivityPce","99.3","Mapping-RMSE quadrature sensitivity P(CE), percent","data/processed/psa_specification_sensitivity.rds","0cef0ab1e2c7b33a39b849e0f8ac35ec8d62f3fa6b21c2b96c47ddfa6810821b"
"mappingSensitivityEvpi","latex_macro","output/model-results.tex","mappingSensitivityEvpi","372","Mapping-RMSE quadrature sensitivity EVPI","data/processed/psa_specification_sensitivity.rds","0cef0ab1e2c7b33a39b849e0f8ac35ec8d62f3fa6b21c2b96c47ddfa6810821b"
"costSurveillanceAnnual","latex_macro","output/model-results.tex","costSurveillanceAnnual","5,802","Annual surveillance cost, years 0-5","R/00-parameters.R","18c62d15017302f2f62032ee4730b95c6e46d6480692387c3c88f30d55d1656d"
"costSurveillanceFiveYear","latex_macro","output/model-results.tex","costSurveillanceFiveYear","29,008.80","Five-year surveillance bundle, undiscounted","R/00-parameters.R","18c62d15017302f2f62032ee4730b95c6e46d6480692387c3c88f30d55d1656d"
"costProgressedAnnual","latex_macro","output/model-results.tex","costProgressedAnnual","198,319","Annual progressed-state cost","R/00-parameters.R","18c62d15017302f2f62032ee4730b95c6e46d6480692387c3c88f30d55d1656d"
"costProgressedEURsource","latex_macro","output/model-results.tex","costProgressedEURsource","17,779","Progressed-state cost in the source price basis (EUR, 2011 prices)","R/00-parameters.R","18c62d15017302f2f62032ee4730b95c6e46d6480692387c3c88f30d55d1656d"
"paramCostTerminal","latex_macro","output/model-results.tex","paramCostTerminal","164,687","Terminal care cost (NOK)","R/00-parameters.R","18c62d15017302f2f62032ee4730b95c6e46d6480692387c3c88f30d55d1656d"
"paramSessionsAdherence","latex_macro","output/model-results.tex","paramSessionsAdherence","28.92","Adherence-adjusted supervised exercise contacts over programme","R/00-parameters.R","18c62d15017302f2f62032ee4730b95c6e46d6480692387c3c88f30d55d1656d"
"paramCostExerciseAnnual","latex_macro","output/model-results.tex","paramCostExerciseAnnual","21,244","Annual exercise programme cost, exercise visits plus behavioural support (NOK/year)","R/00-parameters.R","18c62d15017302f2f62032ee4730b95c6e46d6480692387c3c88f30d55d1656d"
"paramBehaviourContacts","latex_macro","output/model-results.tex","paramBehaviourContacts","33.30","Adherence-adjusted behavioural-support contacts over programme","R/00-parameters.R","18c62d15017302f2f62032ee4730b95c6e46d6480692387c3c88f30d55d1656d"
"paramCostBehaviourContact","latex_macro","output/model-results.tex","paramCostBehaviourContact","327","Behavioural-support contact unit cost, Helfo A3a + 1 x A3b (NOK)","R/00-parameters.R","18c62d15017302f2f62032ee4730b95c6e46d6480692387c3c88f30d55d1656d"
"paramCostBehaviourAnnual","latex_macro","output/model-results.tex","paramCostBehaviourAnnual","3,630","Annual behavioural-support cost (NOK/year)","R/00-parameters.R","18c62d15017302f2f62032ee4730b95c6e46d6480692387c3c88f30d55d1656d"
"paramCostProgrammeCycle","latex_macro","output/model-results.tex","paramCostProgrammeCycle","1,770","Programme cost per active monthly cycle, before occupancy and discounting (NOK)","R/00-parameters.R","18c62d15017302f2f62032ee4730b95c6e46d6480692387c3c88f30d55d1656d"
"paramCostSessionExtended","latex_macro","output/model-results.tex","paramCostSessionExtended","1,827","Extended-perspective exercise cost per contact (NOK)","R/00-parameters.R","18c62d15017302f2f62032ee4730b95c6e46d6480692387c3c88f30d55d1656d"
"paramCostSessionHealthcare","latex_macro","output/model-results.tex","paramCostSessionHealthcare","1,266","Base-case healthcare session cost, DMP-adjusted tariff (NOK)","R/00-parameters.R","18c62d15017302f2f62032ee4730b95c6e46d6480692387c3c88f30d55d1656d"
"paramCostSessionTariffBare","latex_macro","output/model-results.tex","paramCostSessionTariffBare","633","Bare Helfo A3 session tariff, before the DMP adjustment (NOK)","R/00-parameters.R","18c62d15017302f2f62032ee4730b95c6e46d6480692387c3c88f30d55d1656d"
"ssaICERstepWane","latex_macro","output/model-results.tex","ssaICERstepWane","−119,285","SSA ICER: step waning at year 5","output/tables/structural_sa_results.csv","aaf9636f28dd37a4a914d06f7b60a8697d13d64a11054501366a5a25308ea8ff"
"ssaICERlinearWane","latex_macro","output/model-results.tex","ssaICERlinearWane","−61,057","SSA ICER: linear waning years 3-10","output/tables/structural_sa_results.csv","aaf9636f28dd37a4a914d06f7b60a8697d13d64a11054501366a5a25308ea8ff"
"ssaICERtenYr","latex_macro","output/model-results.tex","ssaICERtenYr","11,907","SSA ICER: 10-year time horizon","output/tables/structural_sa_results.csv","aaf9636f28dd37a4a914d06f7b60a8697d13d64a11054501366a5a25308ea8ff"
"ssaICERtwentyYr","latex_macro","output/model-results.tex","ssaICERtwentyYr","20,368","SSA ICER: 20-year time horizon","output/tables/structural_sa_results.csv","aaf9636f28dd37a4a914d06f7b60a8697d13d64a11054501366a5a25308ea8ff"
"ssaICERpmin","latex_macro","output/model-results.tex","ssaICERpmin","21,343","SSA ICER: pmin mortality method","output/tables/structural_sa_results.csv","aaf9636f28dd37a4a914d06f7b60a8697d13d64a11054501366a5a25308ea8ff"
"ssaICERdrugDiscount","latex_macro","output/model-results.tex","ssaICERdrugDiscount","39,576","SSA ICER: 40% drug discount scenario","output/tables/structural_sa_results.csv","aaf9636f28dd37a4a914d06f7b60a8697d13d64a11054501366a5a25308ea8ff"
"ssaICERageSeventyFour","latex_macro","output/model-results.tex","ssaICERageSeventyFour","−1,282,906","SSA ICER: age 74 subgroup","output/tables/structural_sa_results.csv","aaf9636f28dd37a4a914d06f7b60a8697d13d64a11054501366a5a25308ea8ff"
"ssaIncrQALYageSeventyFour","latex_macro","output/model-results.tex","ssaIncrQALYageSeventyFour","0.049","SSA incremental QALYs: age 74 subgroup","output/tables/structural_sa_results.csv","aaf9636f28dd37a4a914d06f7b60a8697d13d64a11054501366a5a25308ea8ff"
"ssaICERfullAdherence","latex_macro","output/model-results.tex","ssaICERfullAdherence","89,739","SSA ICER: full adherence scenario","output/tables/structural_sa_results.csv","aaf9636f28dd37a4a914d06f7b60a8697d13d64a11054501366a5a25308ea8ff"
"ssaICERdfsGengamma","latex_macro","output/model-results.tex","ssaICERdfsGengamma","55,844","SSA ICER: generalised-gamma DFS survival specification","output/tables/structural_sa_results.csv","aaf9636f28dd37a4a914d06f7b60a8697d13d64a11054501366a5a25308ea8ff"
"ssaNtested","latex_macro","output/model-results.tex","ssaNtested","25","Structural SA: named scenarios tested (excl. base case)","output/tables/structural_sa_results.csv","aaf9636f28dd37a4a914d06f7b60a8697d13d64a11054501366a5a25308ea8ff"
"ssaNcompleted","latex_macro","output/model-results.tex","ssaNcompleted","24","Structural SA: named scenarios completed (finite ICER)","output/tables/structural_sa_results.csv","aaf9636f28dd37a4a914d06f7b60a8697d13d64a11054501366a5a25308ea8ff"
"ssaNfailed","latex_macro","output/model-results.tex","ssaNfailed","1","Structural SA: named scenarios failed (NA ICER)","output/tables/structural_sa_results.csv","aaf9636f28dd37a4a914d06f7b60a8697d13d64a11054501366a5a25308ea8ff"
"ssaNcostEffective","latex_macro","output/model-results.tex","ssaNcostEffective","24","Structural SA: completed scenarios cost-effective vs own sev_reference (F2)","output/tables/structural_sa_results.csv","aaf9636f28dd37a4a914d06f7b60a8697d13d64a11054501366a5a25308ea8ff"
"ssaINMBmin","latex_macro","output/model-results.tex","ssaINMBmin","53,144","Structural SA: minimum scenario INMB at its own severity-weighted threshold (NOK)","output/tables/structural_sa_results.csv","aaf9636f28dd37a4a914d06f7b60a8697d13d64a11054501366a5a25308ea8ff"
"ssaINMBbase","latex_macro","output/model-results.tex","ssaINMBbase","317,672","Structural SA: base-case INMB at the base-case severity-weighted threshold (NOK)","output/tables/structural_sa_results.csv","aaf9636f28dd37a4a914d06f7b60a8697d13d64a11054501366a5a25308ea8ff"
"ssaINMBminFloor","latex_macro","output/model-results.tex","ssaINMBminFloor","53,144","Structural SA: minimum scenario INMB at the derived opportunity-cost floor threshold (NOK)","output/tables/structural_sa_results.csv","aaf9636f28dd37a4a914d06f7b60a8697d13d64a11054501366a5a25308ea8ff"
"powsaINMBrangeHRos","latex_macro","output/model-results.tex","powsaINMBrangeHRos","148,849","POWSA INMB range: HR OS (NOK)","output/tables/owpsa_v7_results.csv","ab8c1b02179380f620a6c7f71650c2729cdcce2edb60965ee03ac2b15e66c86c"
"powsaINMBrangeHRdfs","latex_macro","output/model-results.tex","powsaINMBrangeHRdfs","396,034","POWSA INMB range: HR DFS (NOK)","output/tables/owpsa_v7_results.csv","ab8c1b02179380f620a6c7f71650c2729cdcce2edb60965ee03ac2b15e66c86c"
"powsaINMBrangeProgressedCost","latex_macro","output/model-results.tex","powsaINMBrangeProgressedCost","18,689","POWSA INMB range: shared progressed-disease annual cost (NOK)","output/tables/owpsa_v7_results.csv","ab8c1b02179380f620a6c7f71650c2729cdcce2edb60965ee03ac2b15e66c86c"
"powsaINMBrangeSurveillanceCost","latex_macro","output/model-results.tex","powsaINMBrangeSurveillanceCost","1,333","POWSA INMB range: shared surveillance annual cost (NOK)","output/tables/owpsa_v7_results.csv","ab8c1b02179380f620a6c7f71650c2729cdcce2edb60965ee03ac2b15e66c86c"
"powsaINMBrangeExerciseCost","latex_macro","output/model-results.tex","powsaINMBrangeExerciseCost","54,832","POWSA INMB range: exercise-programme annual cost (NOK)","output/tables/owpsa_v7_results.csv","ab8c1b02179380f620a6c7f71650c2729cdcce2edb60965ee03ac2b15e66c86c"
"powsaINMBrangeDFSutil","latex_macro","output/model-results.tex","powsaINMBrangeDFSutil","27,360","POWSA INMB range: DFS utility (NOK)","output/tables/owpsa_v7_results.csv","ab8c1b02179380f620a6c7f71650c2729cdcce2edb60965ee03ac2b15e66c86c"
"powsaMinProbCE","latex_macro","output/model-results.tex","powsaMinProbCE","97.0","POWSA minimum P(CE) across all parameter bounds (%)","output/tables/owpsa_v7_results.csv","ab8c1b02179380f620a6c7f71650c2729cdcce2edb60965ee03ac2b15e66c86c"
"powsaMinimumExpectedINMB","latex_macro","output/model-results.tex","powsaMinimumExpectedINMB","93,646","POWSA minimum expected INMB across bounds (NOK)","output/tables/owpsa_v7_results.csv","ab8c1b02179380f620a6c7f71650c2729cdcce2edb60965ee03ac2b15e66c86c"
"powsaMaximumExpectedINMB","latex_macro","output/model-results.tex","powsaMaximumExpectedINMB","489,680","POWSA maximum expected INMB across bounds (NOK)","output/tables/owpsa_v7_results.csv","ab8c1b02179380f620a6c7f71650c2729cdcce2edb60965ee03ac2b15e66c86c"
"psaConvergenceIter","latex_macro","output/model-results.tex","psaConvergenceIter","100","PA convergence: first INMB CI excludes zero (iterations)","data/processed/inmb_convergence.rds","f24011b6a4b1c78f2b4575732a1643a015301dc1380832102eafd5cf2d3fc210"
"psaConvergencePct","latex_macro","output/model-results.tex","psaConvergencePct","4.1","PA ICER stability: 1K vs 10K difference (%)","data/processed/convergence_check.rds","0346c34a96b1363e2f8951b45d4dbc814236238634d339b5beefe2a8365e07ef"
"valDFSctrlFiveYr","latex_macro","output/model-results.tex","valDFSctrlFiveYr","73.1","Model 5-year DFS control arm (%)","data/processed/validation_checks.rds","5052ef632af12719f94ea07008f65eba33696d2ab6e9470308e0009c0bc9ce1f"
"valDFSexFiveYr","latex_macro","output/model-results.tex","valDFSexFiveYr","79.8","Model 5-year DFS exercise arm (%)","data/processed/validation_checks.rds","5052ef632af12719f94ea07008f65eba33696d2ab6e9470308e0009c0bc9ce1f"
"valDFSpubCtrl","latex_macro","output/model-results.tex","valDFSpubCtrl","73.9","Published 5-year DFS control arm (%)","data/processed/validation_checks.rds","5052ef632af12719f94ea07008f65eba33696d2ab6e9470308e0009c0bc9ce1f"
"valDFSpubEx","latex_macro","output/model-results.tex","valDFSpubEx","80.3","Published 5-year DFS exercise arm (%)","data/processed/validation_checks.rds","5052ef632af12719f94ea07008f65eba33696d2ab6e9470308e0009c0bc9ce1f"
"valDFSctrlGap","latex_macro","output/model-results.tex","valDFSctrlGap","0.8","Validation gap: 5-year DFS control (percentage points)","data/processed/validation_checks.rds","5052ef632af12719f94ea07008f65eba33696d2ab6e9470308e0009c0bc9ce1f"
"valDFSexGap","latex_macro","output/model-results.tex","valDFSexGap","0.5","Validation gap: 5-year DFS exercise (percentage points)","data/processed/validation_checks.rds","5052ef632af12719f94ea07008f65eba33696d2ab6e9470308e0009c0bc9ce1f"
"valEVTidenticalQALY","latex_macro","output/model-results.tex","valEVTidenticalQALY","10.2497","Extreme value, no treatment effect: QALYs per arm (arms identical)","output/validation/extreme-value-results.csv","dc17bfeb2bd96d06e88960864771e09c4959bebec31d9226393df200f67015f7"
"valEVTnoEffectIncrCost","latex_macro","output/model-results.tex","valEVTnoEffectIncrCost","53,538","Extreme value, no treatment effect: incremental cost (NOK)","output/validation/extreme-value-results.csv","dc17bfeb2bd96d06e88960864771e09c4959bebec31d9226393df200f67015f7"
"valEVTzeroCostSaving","latex_macro","output/model-results.tex","valEVTzeroCostSaving","22,651","Extreme value, zero intervention cost: magnitude of the saving (NOK)","output/validation/extreme-value-results.csv","dc17bfeb2bd96d06e88960864771e09c4959bebec31d9226393df200f67015f7"
"valEVTzeroCostQALY","latex_macro","output/model-results.tex","valEVTzeroCostQALY","0.9102","Extreme value, zero intervention cost: incremental QALYs","output/validation/extreme-value-results.csv","dc17bfeb2bd96d06e88960864771e09c4959bebec31d9226393df200f67015f7"
"valEVTzeroUtilQALY","latex_macro","output/model-results.tex","valEVTzeroUtilQALY","0","Extreme value, zero utilities: QALYs per arm","output/validation/extreme-value-results.csv","dc17bfeb2bd96d06e88960864771e09c4959bebec31d9226393df200f67015f7"
"valEVTzeroUtilCostPerLY","latex_macro","output/model-results.tex","valEVTzeroUtilCostPerLY","28,576","Extreme value, zero utilities: incremental cost per life-year (NOK)","output/validation/extreme-value-results.csv","dc17bfeb2bd96d06e88960864771e09c4959bebec31d9226393df200f67015f7"
"valStateOccupancy","latex_macro","output/model-results.tex","valStateOccupancy","1.0000","Validation: state-occupancy sum, every cycle and both arms","data/processed/validation_checks.rds","5052ef632af12719f94ea07008f65eba33696d2ab6e9470308e0009c0bc9ce1f"
"valBICdfsLognormal","latex_macro","output/model-results.tex","valBICdfsLognormal","994.8","BIC: DFS log-normal (control arm)","output/tables/aic_bic_comparison.csv","a8aa48b54a77c95c2f5eaed860e106f2380f866160f8561425a6de4682c5c601"
"valBICdfsGenGamma","latex_macro","output/model-results.tex","valBICdfsGenGamma","992.7","BIC: DFS generalised gamma (control arm)","output/tables/aic_bic_comparison.csv","a8aa48b54a77c95c2f5eaed860e106f2380f866160f8561425a6de4682c5c601"
"valBICdfsDiff","latex_macro","output/model-results.tex","valBICdfsDiff","2.2","BIC difference: DFS log-normal minus gen. gamma","output/tables/aic_bic_comparison.csv","a8aa48b54a77c95c2f5eaed860e106f2380f866160f8561425a6de4682c5c601"
"valBICosLognormal","latex_macro","output/model-results.tex","valBICosLognormal","612.0","BIC: OS log-normal (control arm)","output/tables/aic_bic_comparison.csv","a8aa48b54a77c95c2f5eaed860e106f2380f866160f8561425a6de4682c5c601"
"valAICdfsExponential","latex_macro","output/model-results.tex","valAICdfsExponential","1,022.7","AIC: DFS Exponential (control arm)","output/tables/aic_bic_comparison.csv","a8aa48b54a77c95c2f5eaed860e106f2380f866160f8561425a6de4682c5c601"
"valBICdfsExponential","latex_macro","output/model-results.tex","valBICdfsExponential","1,026.8","BIC: DFS Exponential (control arm)","output/tables/aic_bic_comparison.csv","a8aa48b54a77c95c2f5eaed860e106f2380f866160f8561425a6de4682c5c601"
"valAICosExponential","latex_macro","output/model-results.tex","valAICosExponential","620.2","AIC: OS Exponential (control arm)","output/tables/aic_bic_comparison.csv","a8aa48b54a77c95c2f5eaed860e106f2380f866160f8561425a6de4682c5c601"
"valBICosExponential","latex_macro","output/model-results.tex","valBICosExponential","624.3","BIC: OS Exponential (control arm)","output/tables/aic_bic_comparison.csv","a8aa48b54a77c95c2f5eaed860e106f2380f866160f8561425a6de4682c5c601"
"valAICdfsWeibull","latex_macro","output/model-results.tex","valAICdfsWeibull","1,000.0","AIC: DFS Weibull (control arm)","output/tables/aic_bic_comparison.csv","a8aa48b54a77c95c2f5eaed860e106f2380f866160f8561425a6de4682c5c601"
"valBICdfsWeibull","latex_macro","output/model-results.tex","valBICdfsWeibull","1,008.2","BIC: DFS Weibull (control arm)","output/tables/aic_bic_comparison.csv","a8aa48b54a77c95c2f5eaed860e106f2380f866160f8561425a6de4682c5c601"
"valAICosWeibull","latex_macro","output/model-results.tex","valAICosWeibull","608.4","AIC: OS Weibull (control arm)","output/tables/aic_bic_comparison.csv","a8aa48b54a77c95c2f5eaed860e106f2380f866160f8561425a6de4682c5c601"
"valBICosWeibull","latex_macro","output/model-results.tex","valBICosWeibull","616.6","BIC: OS Weibull (control arm)","output/tables/aic_bic_comparison.csv","a8aa48b54a77c95c2f5eaed860e106f2380f866160f8561425a6de4682c5c601"
"valAICdfsLognormal","latex_macro","output/model-results.tex","valAICdfsLognormal","986.6","AIC: DFS Lognormal (control arm)","output/tables/aic_bic_comparison.csv","a8aa48b54a77c95c2f5eaed860e106f2380f866160f8561425a6de4682c5c601"
"valAICosLognormal","latex_macro","output/model-results.tex","valAICosLognormal","603.8","AIC: OS Lognormal (control arm)","output/tables/aic_bic_comparison.csv","a8aa48b54a77c95c2f5eaed860e106f2380f866160f8561425a6de4682c5c601"
"valAICdfsLoglogistic","latex_macro","output/model-results.tex","valAICdfsLoglogistic","996.0","AIC: DFS Loglogistic (control arm)","output/tables/aic_bic_comparison.csv","a8aa48b54a77c95c2f5eaed860e106f2380f866160f8561425a6de4682c5c601"
"valBICdfsLoglogistic","latex_macro","output/model-results.tex","valBICdfsLoglogistic","1,004.2","BIC: DFS Loglogistic (control arm)","output/tables/aic_bic_comparison.csv","a8aa48b54a77c95c2f5eaed860e106f2380f866160f8561425a6de4682c5c601"
"valAICosLoglogistic","latex_macro","output/model-results.tex","valAICosLoglogistic","607.5","AIC: OS Loglogistic (control arm)","output/tables/aic_bic_comparison.csv","a8aa48b54a77c95c2f5eaed860e106f2380f866160f8561425a6de4682c5c601"
"valBICosLoglogistic","latex_macro","output/model-results.tex","valBICosLoglogistic","615.7","BIC: OS Loglogistic (control arm)","output/tables/aic_bic_comparison.csv","a8aa48b54a77c95c2f5eaed860e106f2380f866160f8561425a6de4682c5c601"
"valAICdfsGompertz","latex_macro","output/model-results.tex","valAICdfsGompertz","993.5","AIC: DFS Gompertz (control arm)","output/tables/aic_bic_comparison.csv","a8aa48b54a77c95c2f5eaed860e106f2380f866160f8561425a6de4682c5c601"
"valBICdfsGompertz","latex_macro","output/model-results.tex","valBICdfsGompertz","1,001.7","BIC: DFS Gompertz (control arm)","output/tables/aic_bic_comparison.csv","a8aa48b54a77c95c2f5eaed860e106f2380f866160f8561425a6de4682c5c601"
"valAICosGompertz","latex_macro","output/model-results.tex","valAICosGompertz","614.8","AIC: OS Gompertz (control arm)","output/tables/aic_bic_comparison.csv","a8aa48b54a77c95c2f5eaed860e106f2380f866160f8561425a6de4682c5c601"
"valBICosGompertz","latex_macro","output/model-results.tex","valBICosGompertz","623.0","BIC: OS Gompertz (control arm)","output/tables/aic_bic_comparison.csv","a8aa48b54a77c95c2f5eaed860e106f2380f866160f8561425a6de4682c5c601"
"valAICdfsGenGamma","latex_macro","output/model-results.tex","valAICdfsGenGamma","980.4","AIC: DFS GenGamma (control arm)","output/tables/aic_bic_comparison.csv","a8aa48b54a77c95c2f5eaed860e106f2380f866160f8561425a6de4682c5c601"
"valAICosGenGamma","latex_macro","output/model-results.tex","valAICosGenGamma","603.6","AIC: OS GenGamma (control arm)","output/tables/aic_bic_comparison.csv","a8aa48b54a77c95c2f5eaed860e106f2380f866160f8561425a6de4682c5c601"
"valBICosGenGamma","latex_macro","output/model-results.tex","valBICosGenGamma","615.9","BIC: OS GenGamma (control arm)","output/tables/aic_bic_comparison.csv","a8aa48b54a77c95c2f5eaed860e106f2380f866160f8561425a6de4682c5c601"
"valLnormDfsMeanlog","latex_macro","output/model-results.tex","valLnormDfsMeanlog","3.0441","Selected log-normal meanlog, natural scale (DFS control arm)","data/processed/survival_fits_dfs_ctrl.rds","0fe81632efdb89b1feb877b08bb551a2b184af16067a6e3fdf2b447f09e508a1"
"valLnormDfsSdlog","latex_macro","output/model-results.tex","valLnormDfsSdlog","2.3307","Selected log-normal sdlog, natural scale (DFS control arm)","data/processed/survival_fits_dfs_ctrl.rds","0fe81632efdb89b1feb877b08bb551a2b184af16067a6e3fdf2b447f09e508a1"
"valLnormOsMeanlog","latex_macro","output/model-results.tex","valLnormOsMeanlog","3.1719","Selected log-normal meanlog, natural scale (OS control arm)","data/processed/survival_fits_os_ctrl.rds","4c6e4b9f7bbe762238054ba5ff04df895261d044c3b82b12b9100dad6f853813"
"valLnormOsSdlog","latex_macro","output/model-results.tex","valLnormOsSdlog","1.1981","Selected log-normal sdlog, natural scale (OS control arm)","data/processed/survival_fits_os_ctrl.rds","4c6e4b9f7bbe762238054ba5ff04df895261d044c3b82b12b9100dad6f853813"
"valCrossingCyclesControl","latex_macro","output/model-results.tex","valCrossingCyclesControl","153","Raw-fit crossing: control-arm monthly cycles with S_DFS > S_OS (pre-cap)","data/processed/survival_fits_dfs_ctrl.rds;data/processed/survival_fits_os_ctrl.rds","be38026ce27d7e8bef5461c2ed4c911f8c52db32845cdcfc7b75f3bafc18fc06"
"valCrossingStartYrControl","latex_macro","output/model-results.tex","valCrossingStartYrControl","27.33","Raw-fit crossing: control-arm first crossing time (years)","data/processed/survival_fits_dfs_ctrl.rds;data/processed/survival_fits_os_ctrl.rds","be38026ce27d7e8bef5461c2ed4c911f8c52db32845cdcfc7b75f3bafc18fc06"
"valCrossingCyclesExercise","latex_macro","output/model-results.tex","valCrossingCyclesExercise","30","Raw-fit crossing: exercise-arm monthly cycles with S_DFS > S_OS (pre-cap)","data/processed/survival_fits_dfs_ctrl.rds;data/processed/survival_fits_os_ctrl.rds","be38026ce27d7e8bef5461c2ed4c911f8c52db32845cdcfc7b75f3bafc18fc06"
"valCrossingStartYrExercise","latex_macro","output/model-results.tex","valCrossingStartYrExercise","37.58","Raw-fit crossing: exercise-arm first crossing time (years)","data/processed/survival_fits_dfs_ctrl.rds;data/processed/survival_fits_os_ctrl.rds","be38026ce27d7e8bef5461c2ed4c911f8c52db32845cdcfc7b75f3bafc18fc06"
"valCrossingQALYshareControlPct","latex_macro","output/model-results.tex","valCrossingQALYshareControlPct","3.35","Crossing-window share of control-arm total discounted QALYs (%)","data/processed/costs_qalys.rds","154274c55034bab11178a7865697141220af876baf92fda3fa7cc339f7a8cfe0"
"valCrossingIncrQALYsharePct","latex_macro","output/model-results.tex","valCrossingIncrQALYsharePct","6.77","Crossing-window share of discounted incremental QALYs (%)","data/processed/costs_qalys.rds","154274c55034bab11178a7865697141220af876baf92fda3fa7cc339f7a8cfe0"
"sevCohortAge","latex_macro","output/model-results.tex","sevCohortAge","61","Cohort age used for severity norm lookup (years)","R/00-parameters.R","18c62d15017302f2f62032ee4730b95c6e46d6480692387c3c88f30d55d1656d"
"sevGenPopQALY","latex_macro","output/model-results.tex","sevGenPopQALY","20.8","General population remaining QALYs at cohort age (DMP New norm)","data/raw/dmp-eq5d5l-norms-current.csv","5230434e46c18d5c0241be90fd9af714d77ac590d6aa8e63a819cb64949fd38c"
"sevComparatorQALY","latex_macro","output/model-results.tex","sevComparatorQALY","15.89","Comparator (Standard Care) undiscounted QALYs (PA)","data/processed/costs_qalys.rds","154274c55034bab11178a7865697141220af876baf92fda3fa7cc339f7a8cfe0"
"sevAbsoluteShortfall","latex_macro","output/model-results.tex","sevAbsoluteShortfall","4.91","Absolute shortfall AS = QALYsA - PA (rounded 2 dp)","R/00-parameters.R","18c62d15017302f2f62032ee4730b95c6e46d6480692387c3c88f30d55d1656d"
"sevMagnussenGroup","latex_macro","output/model-results.tex","sevMagnussenGroup","2","Magnussen severity group for the absolute shortfall","R/00-parameters.R","18c62d15017302f2f62032ee4730b95c6e46d6480692387c3c88f30d55d1656d"
"sevMagnussenWeight","latex_macro","output/model-results.tex","sevMagnussenWeight","1.4","Magnussen severity weight for the group","R/00-parameters.R","18c62d15017302f2f62032ee4730b95c6e46d6480692387c3c88f30d55d1656d"
"wtpOpportunityCost","latex_macro","output/model-results.tex","wtpOpportunityCost","275,000","DMP opportunity-cost benchmark (NOK/QALY)","R/00-parameters.R","18c62d15017302f2f62032ee4730b95c6e46d6480692387c3c88f30d55d1656d"
"wtpSeverityReference","latex_macro","output/model-results.tex","wtpSeverityReference","385,000","Severity-weighted cost-effectiveness threshold (NOK/QALY)","R/00-parameters.R","18c62d15017302f2f62032ee4730b95c6e46d6480692387c3c88f30d55d1656d"
"wtpThreshold","latex_macro","output/model-results.tex","wtpThreshold","385,000","Applicable cost-effectiveness threshold = severity-informed reference (NOK/QALY)","R/04-costs-qalys.R","9644d1e2decd3ee442cd613079f822b0bf4f4ed36236654a43db8dbd45b749f5"
"sevAbsoluteShortfallNorSeventyThree","latex_macro","output/model-results.tex","sevAbsoluteShortfallNorSeventyThree","1.02","Absolute shortfall AS at scenario norwegian_registry_age (rounded 2 dp)","output/tables/structural_sa_results.csv","aaf9636f28dd37a4a914d06f7b60a8697d13d64a11054501366a5a25308ea8ff"
"sevMagnussenGroupNorSeventyThree","latex_macro","output/model-results.tex","sevMagnussenGroupNorSeventyThree","1","Magnussen severity group at scenario norwegian_registry_age","output/tables/structural_sa_results.csv","aaf9636f28dd37a4a914d06f7b60a8697d13d64a11054501366a5a25308ea8ff"
"wtpSeverityReferenceNorSeventyThree","latex_macro","output/model-results.tex","wtpSeverityReferenceNorSeventyThree","275,000","Severity-informed reference threshold at scenario norwegian_registry_age (NOK/QALY)","output/tables/structural_sa_results.csv","aaf9636f28dd37a4a914d06f7b60a8697d13d64a11054501366a5a25308ea8ff"
"ssaICERNorSeventyThree","latex_macro","output/model-results.tex","ssaICERNorSeventyThree","−738,637","SSA ICER at Norwegian registry-age scenario norwegian_registry_age (NOK/QALY)","output/tables/structural_sa_results.csv","aaf9636f28dd37a4a914d06f7b60a8697d13d64a11054501366a5a25308ea8ff"
"sevAbsoluteShortfallNorSeventySix","latex_macro","output/model-results.tex","sevAbsoluteShortfallNorSeventySix","0.70","Absolute shortfall AS at scenario norwegian_registry_age_women_76 (rounded 2 dp)","output/tables/structural_sa_results.csv","aaf9636f28dd37a4a914d06f7b60a8697d13d64a11054501366a5a25308ea8ff"
"sevMagnussenGroupNorSeventySix","latex_macro","output/model-results.tex","sevMagnussenGroupNorSeventySix","1","Magnussen severity group at scenario norwegian_registry_age_women_76","output/tables/structural_sa_results.csv","aaf9636f28dd37a4a914d06f7b60a8697d13d64a11054501366a5a25308ea8ff"
"wtpSeverityReferenceNorSeventySix","latex_macro","output/model-results.tex","wtpSeverityReferenceNorSeventySix","275,000","Severity-informed reference threshold at scenario norwegian_registry_age_women_76 (NOK/QALY)","output/tables/structural_sa_results.csv","aaf9636f28dd37a4a914d06f7b60a8697d13d64a11054501366a5a25308ea8ff"
"ssaICERNorSeventySix","latex_macro","output/model-results.tex","ssaICERNorSeventySix","−1,153,335","SSA ICER at Norwegian registry-age scenario norwegian_registry_age_women_76 (NOK/QALY)","output/tables/structural_sa_results.csv","aaf9636f28dd37a4a914d06f7b60a8697d13d64a11054501366a5a25308ea8ff"
"psaProbCEopportunityCost","latex_macro","output/model-results.tex","psaProbCEopportunityCost","97.6","P(CE) at opportunity-cost benchmark (275K) (%)","data/processed/psa_results.rds","ddce9e4d107b7cb82ad7b9c4ce796449c7666289a9f9e90231b444132a3a0e45"
"psaProbCEseverityReference","latex_macro","output/model-results.tex","psaProbCEseverityReference","99.3","P(CE) at severity-informed reference (385K) (%)","data/processed/psa_results.rds","ddce9e4d107b7cb82ad7b9c4ce796449c7666289a9f9e90231b444132a3a0e45"
